Status,Score,Score_Rationale,Company,Job_Title,Sector,Location,Language_Requirement,Work_Arrangement,Salary_USD,Job_Summary,URL,Found_On,First_Seen_Date,Last_Seen_Date,Times_Seen,Search_Sources,Applied_Date,Notes
NEW,95,Direct CoS match (exec support at Anzu/JPM); Venture/accelerator sector directly matches Anzu and Techstars-adjacent experience,Techstars,Chief of Staff,Venture/Accelerator,US East Coast,N/A,Remote,N/A,"Chief of Staff leading cross-functional initiatives as force multiplier to CEO. 2-3 year assignment to transform and scale the company, with path to lead business area.",https://boards.greenhouse.io/techstars57/jobs/5451541002,Greenhouse,2026-02-09,2026-02-09,1,Week_of_2026-02-09,,
NEW,94,Direct CoS match (exec support at Anzu/JPM); Strong fintech/finance sector fit (JPM/SVB background),Coinbase,Chief of Staff to the COO,Crypto/Fintech,Remote - US,N/A,Remote,N/A,"Force multiplier for COO, ensuring priorities are advanced and time focused on highest-impact areas at leading crypto exchange. Some in-person participation required.",https://boards.greenhouse.io/coinbase/jobs/7298274,Greenhouse,2026-02-09,2026-02-09,1,Week_of_2026-02-09,,
NEW,91,Partnerships role aligns with Anzu capital formation/BD and JPM ecosystem dev; Strong fintech/finance sector fit (JPM/SVB background); Senior-level matches SVP/VP experience; Spanish requirement aligns with beginner Spanish skills,Jeeves,Head of Global Partnerships,Fintech,Remote - Americas,Spanish,Remote,N/A,"Head of Global Partnerships architecting, leading, and scaling partner ecosystem across North America, LATAM (BR, MX, CO), and EMEA. Requires English/Portuguese fluency, Spanish strongly preferred.",https://jobs.lever.co/tryjeeves/f0faf387-8d07-4784-ba28-acae4a16d70a,Lever,2026-02-09,2026-02-09,1,Week_of_2026-02-09,,
NEW,90,Direct CoS match (exec support at Anzu/JPM); AI/tech sector aligns with AI automation skills and venture portfolio work,Covera Health,Chief of Staff to CEO,Health Tech,New York City,N/A,Remote,"$155,000 - $210,000",Chief of Staff to CEO at health tech company focused on radiology quality. Supports executive leadership with strategic planning and operational execution.,https://boards.greenhouse.io/coverahealth/jobs/5883726003,Greenhouse,2026-02-09,2026-02-09,1,Week_of_2026-02-09,,
NEW,90,Direct CoS match (exec support at Anzu/JPM); AI/tech sector aligns with AI automation skills and venture portfolio work,Apollo.io,Chief of Staff,Sales Tech/SaaS,Remote - US,N/A,Remote,N/A,Chief of Staff in Business Operations partnering closely with CEO to support scaling. Remote-first inclusive organization focused on operational excellence.,https://boards.greenhouse.io/apolloio/jobs/4911212004,Greenhouse,2026-02-09,2026-02-09,1,Week_of_2026-02-09,,
NEW,90,Direct CoS match (exec support at Anzu/JPM); AI/tech sector aligns with AI automation skills and venture portfolio work,Archive,Chief of Staff,E-commerce/Sustainability,Remote (hub in NY),N/A,Remote,N/A,Chief of Staff working alongside CEO as trusted partner at remote-first company. Company offsites twice yearly with occasional travel.,https://jobs.lever.co/Archive/4a43118d-b775-4708-841e-a31eba80d204,Lever,2026-02-09,2026-02-09,1,Week_of_2026-02-09,,
NEW,90,Partnerships role aligns with Anzu capital formation/BD and JPM ecosystem dev; Strong fintech/finance sector fit (JPM/SVB background),VGS,Sr. Manager of Strategic Partnerships,Fintech/Payments,Remote,N/A,Remote,N/A,Owns portfolio of high-impact partnerships driving cross-functional initiatives advancing product strategy and long-term roadmap at payment tokenization leader.,https://jobs.lever.co/verygoodsecurity/2ae7986d-7b83-43b7-93b6-d1999b484812,Lever,2026-02-09,2026-02-09,1,Week_of_2026-02-09,,
NEW,90,Direct CoS match (exec support at Anzu/JPM); AI/tech sector aligns with AI automation skills and venture portfolio work,Replo,Chief of Staff,E-commerce/SaaS,Remote,N/A,Remote,N/A,"Chief of Staff helping Replo scale smarter and faster. Works directly with CEO on high-priority initiatives across GTM, operations, recruiting, product.",https://jobs.ashbyhq.com/replo/ca07277c-c7ad-4eed-85b9-2da6343e7749,Ashby,2026-02-09,2026-02-09,1,Week_of_2026-02-09,,
NEW,90,Direct CoS match (exec support at Anzu/JPM); AI/tech sector aligns with AI automation skills and venture portfolio work,Cambio AI,Chief of Staff,AI/Tech,Remote,N/A,Remote,N/A,"Strategic partner to executive team, leading cross-functional initiatives at AI company.",https://jobs.ashbyhq.com/cambio/c84db9fb-1c21-4d33-84b3-19654c7b7110,Ashby,2026-02-09,2026-02-09,1,Week_of_2026-02-09,,
NEW,90,Direct CoS match (exec support at Anzu/JPM); AI/tech sector aligns with AI automation skills and venture portfolio work,Better Health,Chief of Staff,Health Tech,Remote - US,N/A,Remote,N/A,Chief of Staff at fast-scaling health tech company. Reports to CEO. Contract to hire with potential for full-time.,https://jobs.ashbyhq.com/joinbetter/499d589c-ef47-4c89-a6ac-43be5903cf7e,Ashby,2026-02-09,2026-02-09,1,Week_of_2026-02-09,,
NEW,89,Direct CoS match (exec support at Anzu/JPM); AI/tech sector aligns with AI automation skills and venture portfolio work; Senior-level matches SVP/VP experience,Samsara,"Chief of Staff, Head of Business Operations",IoT/Industrial Tech,Remote - US,N/A,Remote,N/A,"Chief of Staff and Head of Business Operations at Samsara, an IoT platform for physical operations. Supports executive team with strategic planning, people strategy, and business operations.",https://boards.greenhouse.io/samsara/jobs/7543674,Greenhouse,2026-02-09,2026-02-09,1,Week_of_2026-02-09,,
NEW,88,Direct CoS match (exec support at Anzu/JPM); AI/tech sector aligns with AI automation skills and venture portfolio work,OpenTable,Chief of Staff,Consumer Tech/SaaS,Remote - US,N/A,Remote,N/A,"Chief of Staff supporting executive team with corporate vision implementation, OKR planning, quarterly business reviews, and strategy planning. Requires 8+ years experience at software/consumer tech.",https://boards.greenhouse.io/opentable/jobs/6247624002,Greenhouse,2026-02-09,2026-02-09,1,Week_of_2026-02-09,,
NEW,88,Direct CoS match (exec support at Anzu/JPM); AI/tech sector aligns with AI automation skills and venture portfolio work,Upwork,Chief of Staff to Enterprise GM,Marketplace/Tech,Remote,N/A,Remote,N/A,"Chief of Staff partnering with Enterprise GM and leadership across Sales, Operations, Solutions, Talent, Product, and Marketing at remote-first global platform.",https://boards.greenhouse.io/upwork/jobs/5642619003,Greenhouse,2026-02-09,2026-02-09,1,Week_of_2026-02-09,,
NEW,88,Direct CoS match (exec support at Anzu/JPM); AI/tech sector aligns with AI automation skills and venture portfolio work,Aledade,"Chief of Staff, Provider Networks",Health Tech,Remote - US,N/A,Remote,N/A,Chief of Staff supporting strategic initiatives for Office of Chief Performance Officer at largest independent primary care network. Leads strategic projects executing key priorities.,https://jobs.lever.co/aledade/45857f04-b169-462a-a191-e93a032d7c9c,Lever,2026-02-09,2026-02-09,1,Week_of_2026-02-09,,
NEW,88,Direct CoS match (exec support at Anzu/JPM); AI/tech sector aligns with AI automation skills and venture portfolio work,SpryPoint,Chief of Staff,Utility SaaS,Remote,N/A,Remote,N/A,First Chief of Staff serving as strategic operator and integrator to SVP Client Solutions. High-trust partnership role. Backed by Norwest and Insight Partners (2026 investment).,https://jobs.lever.co/sprypointservices/283ec14a-5b32-4e89-8282-deb4a8f687e7,Lever,2026-02-09,2026-02-09,1,Week_of_2026-02-09,,
NEW,88,Direct CoS match (exec support at Anzu/JPM); AI/tech sector aligns with AI automation skills and venture portfolio work,Fern,Chief of Staff to the CEO,Developer Tools,Remote,N/A,Remote,N/A,"Generalist role spanning product, ops, marketing, and strategy. Ideal for top-tier talent with long-term founder aspirations.",https://jobs.ashbyhq.com/fern/d423aba5-28de-4d11-8d99-2699e6e97e83,Ashby,2026-02-09,2026-02-09,1,Week_of_2026-02-09,,
NEW,88,Direct CoS match (exec support at Anzu/JPM); AI/tech sector aligns with AI automation skills and venture portfolio work,Pylon,Chief of Staff,B2B SaaS,Remote,N/A,Remote,N/A,"Owns strategic initiatives, unblocks day-to-day operations, helps business scale faster and more intelligently.",https://jobs.ashbyhq.com/pylon/c17a034d-62c1-4f42-b1fa-d5b4841f07bb,Ashby,2026-02-09,2026-02-09,1,Week_of_2026-02-09,,
NEW,88,Partnerships role aligns with Anzu capital formation/BD and JPM ecosystem dev; Strong fintech/finance sector fit (JPM/SVB background),Sardine,Cloud Partnerships Manager,Fintech/Fraud Prevention,Remote,N/A,Remote,N/A,"Cloud Partnerships Manager at fraud prevention and AML compliance leader using device intelligence, behavior biometrics, ML, and AI. 300+ banks and fintechs use Sardine.",https://jobs.ashbyhq.com/sardine/a8585d40-deed-44e3-a6a2-bc247a2fa1d5,Ashby,2026-02-09,2026-02-09,1,Week_of_2026-02-09,,
NEW,88,Partnerships role aligns with Anzu capital formation/BD and JPM ecosystem dev; Strong fintech/finance sector fit (JPM/SVB background),Sardine,Product Partnerships Manager,Fintech/Fraud Prevention,Remote,N/A,Remote,N/A,Product Partnerships Manager at fraud prevention and AML compliance leader. Remote-first work culture.,https://jobs.ashbyhq.com/sardine/aa71755c-ebe5-40ce-b2ca-11f94816be52,Ashby,2026-02-09,2026-02-09,1,Week_of_2026-02-09,,
NEW,88,Partnerships role aligns with Anzu capital formation/BD and JPM ecosystem dev; Strong fintech/finance sector fit (JPM/SVB background),Middesk,Strategic Partnerships Manager,Fintech/Identity,Remote,N/A,Remote,N/A,Owns and grows critical partnerships including referral and reseller relationships with platforms like Alloy at business identity verification company.,https://jobs.ashbyhq.com/middesk/e0784d39-9d29-4b85-91ad-26cf3c406565,Ashby,2026-02-09,2026-02-09,1,Week_of_2026-02-09,,
NEW,88,Partnerships role aligns with Anzu capital formation/BD and JPM ecosystem dev; Strong fintech/finance sector fit (JPM/SVB background),Column,Strategic Partnerships Lead,Fintech/Banking Infrastructure,Remote,N/A,Remote,N/A,"Strategic Partnerships Lead at Column, a bank and software company built from the ground up offering technology-forward banking solutions.",https://jobs.ashbyhq.com/column/83c71171-e327-45e2-8b58-cfe5ee16209a,Ashby,2026-02-09,2026-02-09,1,Week_of_2026-02-09,,
NEW,87,Partnerships role aligns with Anzu capital formation/BD and JPM ecosystem dev; AI/tech sector aligns with AI automation skills and venture portfolio work; Senior-level matches SVP/VP experience,Datadog,"Director, Technical Product Partnerships",Cloud/SaaS,Remote,N/A,Remote,N/A,Defining and leading strategy for building and scaling product-led partnerships with ISVs. High-visibility role with direct impact on growth strategy. Requires 10+ years experience.,https://boards.greenhouse.io/datadog/jobs/7416668,Greenhouse,2026-02-09,2026-02-09,1,Week_of_2026-02-09,,
NEW,87,Partnerships role aligns with Anzu capital formation/BD and JPM ecosystem dev; AI/tech sector aligns with AI automation skills and venture portfolio work; Senior-level matches SVP/VP experience,Valora Inc,Director of Business Development & Strategic Partnerships,Blockchain/Web3,Remote - US/Europe,N/A,Remote,N/A,Director of BD and Strategic Partnerships at blockchain company. Requires experience in business development with focus on strategic partnerships and blockchain technology understanding.,https://boards.greenhouse.io/valorainc/jobs/4605976004,Greenhouse,2026-02-09,2026-02-09,1,Week_of_2026-02-09,,
NEW,87,Strategy/ops leadership aligns with Anzu/JPM/DoD program management; AI/tech sector aligns with AI automation skills and venture portfolio work; Senior-level matches SVP/VP experience,Demandbase,"Director, Strategy Operations",B2B SaaS/MarTech,Remote - US,N/A,Remote,N/A,"Director designing and delivering strategic building blocks of transformational growth, managing portfolio of cross-functional projects. Requires 10+ years BD or strategy at software company.",https://boards.greenhouse.io/demandbase/jobs/5542893,Greenhouse,2026-02-09,2026-02-09,1,Week_of_2026-02-09,,
NEW,87,Strategy/ops leadership aligns with Anzu/JPM/DoD program management; AI/tech sector aligns with AI automation skills and venture portfolio work; Senior-level matches SVP/VP experience,Real,Director of Business Operations and Strategy,Real Estate Tech,Remote,N/A,Remote,"$165,000 - $200,000","Thought partner to CFO, CEO, and all executives in strategic and financial planning, goal-setting, and operational initiatives at real estate technology company.",https://boards.greenhouse.io/real/jobs/4857870004,Greenhouse,2026-02-09,2026-02-09,1,Week_of_2026-02-09,,
NEW,87,Partnerships role aligns with Anzu capital formation/BD and JPM ecosystem dev; AI/tech sector aligns with AI automation skills and venture portfolio work; Senior-level matches SVP/VP experience,Nextech,Director of Strategic Partnerships,Health Tech/SaaS,Remote - US,N/A,Remote,N/A,"Director driving growth across healthcare SaaS business by identifying, building, and scaling strategic partnerships.",https://jobs.lever.co/nextech/fa8fd826-0554-4775-855f-a312c85f28b0,Lever,2026-02-09,2026-02-09,1,Week_of_2026-02-09,,
NEW,87,Partnerships role aligns with Anzu capital formation/BD and JPM ecosystem dev; AI/tech sector aligns with AI automation skills and venture portfolio work; Senior-level matches SVP/VP experience,OpenX,Strategic Partnerships Director,AdTech,Remote,N/A,Remote,N/A,"Director managing all strategic relationships across OpenX Ad Exchange, ensuring customer success and satisfaction.",https://jobs.lever.co/openx/5f37505b-1cde-403c-96a6-410ef2f514d9,Lever,2026-02-09,2026-02-09,1,Week_of_2026-02-09,,
NEW,87,Partnerships role aligns with Anzu capital formation/BD and JPM ecosystem dev; AI/tech sector aligns with AI automation skills and venture portfolio work; Senior-level matches SVP/VP experience,Neuroscale AI,Director of Strategic Partnerships & Alliances,AI/Tech,Remote,N/A,Remote,N/A,Building and owning a partner-led revenue engine from the ground up at AI company scaling go-to-market efforts.,https://jobs.ashbyhq.com/neuroscale/66d227bf-c29c-48b3-8085-3c55b32a6646,Ashby,2026-02-09,2026-02-09,1,Week_of_2026-02-09,,
NEW,87,Strategy/ops leadership aligns with Anzu/JPM/DoD program management; AI/tech sector aligns with AI automation skills and venture portfolio work; Senior-level matches SVP/VP experience,Sentient,Director of Operations/Strategy,AI/Tech,Remote,N/A,Remote,N/A,"Strategic and operational leader supporting cofounder, driving company-wide planning, cross-functional coordination, and executive-level initiatives.",https://jobs.ashbyhq.com/sentient/26ee8da3-2022-41ba-9230-86e98be52124,Ashby,2026-02-09,2026-02-09,1,Week_of_2026-02-09,,
NEW,85,Strategic initiatives align with DoD program leadership and Nationwide IDEO engagement; AI/tech sector aligns with AI automation skills and venture portfolio work,Celo Foundation,Strategic Initiatives Manager,Blockchain/Web3,Remote - US,N/A,Remote,N/A,"Part strategist, part manager, part operational guru working with Celo ecosystem to set goals, align cross-functional teams, and execute releases. Requires 2-4 years management consulting.",https://boards.greenhouse.io/celofoundation/jobs/4310562004,Greenhouse,2026-02-09,2026-02-09,1,Week_of_2026-02-09,,
NEW,85,Strategic initiatives align with DoD program leadership and Nationwide IDEO engagement; AI/tech sector aligns with AI automation skills and venture portfolio work,Owner,Strategic Operations Lead,Restaurant Tech/SaaS,Remote,N/A,Remote,N/A,First hire on strategic operations team alongside COO and Chief of Staff. Identifies and leads highest-leverage projects too new or complex for existing teams. Scaling fast in 2026.,https://jobs.lever.co/owner/b8ac203f-6e2b-4745-83b3-0832192c8ccd,Lever,2026-02-09,2026-02-09,1,Week_of_2026-02-09,,
NEW,85,Strategy/ops leadership aligns with Anzu/JPM/DoD program management; AI/tech sector aligns with AI automation skills and venture portfolio work; Senior-level matches SVP/VP experience,Centivo,Strategy & Operations Director,Health Tech/Insurance,Remote,N/A,Remote,N/A,Reports to VP Strategic Initiatives. Key role in structuring and executing enterprise-wide strategic initiatives and operational excellence at affordable healthcare company.,https://jobs.ashbyhq.com/centivo/7b177549-a892-4b71-a55b-e6be99558506,Ashby,2026-02-09,2026-02-09,1,Week_of_2026-02-09,,
NEW,84,Partnerships role aligns with Anzu capital formation/BD and JPM ecosystem dev; AI/tech sector aligns with AI automation skills and venture portfolio work,Zapier,Strategic Partnerships Manager,SaaS/Automation,Remote,N/A,Remote,N/A,"Strategic Partnerships Manager building and maintaining relationships with largest, most strategic partners at 100% remote automation platform. Requires 7+ years partnership/alliance experience.",https://boards.greenhouse.io/zapiercareers/jobs/6515738002,Greenhouse,2026-02-09,2026-02-09,1,Week_of_2026-02-09,,
NEW,84,Direct CoS match (exec support at Anzu/JPM); Education sector tangential to public policy background; DC location matches home base,Strada Education Foundation,Chief of Staff,Education/Nonprofit,"Washington, DC",N/A,Hybrid,N/A,"Trusted strategic partner to CEO, enhancing CEO effectiveness by strengthening organizational alignment, tackling special projects, and accelerating priority initiatives. Based in DC hub.",https://jobs.lever.co/stradaeducation/6037a259-de9d-4733-a7f8-cbbb6f7d5bdd,Lever,2026-02-09,2026-02-09,1,Week_of_2026-02-09,,
NEW,84,Partnerships role aligns with Anzu capital formation/BD and JPM ecosystem dev; AI/tech sector aligns with AI automation skills and venture portfolio work,Statsig,Strategic Partnerships Lead,Developer Tools/Analytics,Remote,N/A,Remote,N/A,"Partner Leader building and scaling partner ecosystem spanning Alliances, ISVs, SIs, Channel/Reseller, and MSPs, driving revenue growth.",https://jobs.ashbyhq.com/statsig/1055711e-304e-4f92-94b7-a39351f9b6ec,Ashby,2026-02-09,2026-02-09,1,Week_of_2026-02-09,,
NEW,83,Strategic initiatives align with DoD program leadership and Nationwide IDEO engagement; AI/tech sector aligns with AI automation skills and venture portfolio work,Reddit,"Global Program Manager, Strategic Initiatives",Social Media/Tech,Remote - US,N/A,Remote,N/A,"Strategist, consultant, and implementer streamlining activities based on established strategic initiatives within Sales Strategy and Operations.",https://boards.greenhouse.io/reddit/jobs/4648394,Greenhouse,2026-02-09,2026-02-09,1,Week_of_2026-02-09,,
NEW,83,Strategic initiatives align with DoD program leadership and Nationwide IDEO engagement; AI/tech sector aligns with AI automation skills and venture portfolio work,Dust,Strategic Operations,AI/Developer Tools,Remote,N/A,Remote,N/A,"Operations working across all teams to drive, build, and enable growth. Leading mission-critical cross-functional efforts and executing strategic initiatives.",https://jobs.ashbyhq.com/dust/546a99df-1a1a-47b0-a1d5-6d3c6858addf,Ashby,2026-02-09,2026-02-09,1,Week_of_2026-02-09,,
NEW,82,Direct CoS match (exec support at Anzu/JPM); AI/tech sector aligns with AI automation skills; Remote-friendly,Deepgram,Chief of Staff,AI/Speech Tech,Remote - US,N/A,Remote,N/A,"Chief of Staff at Deepgram, a speech AI company. Supports executive team with strategic planning, business operations, investor relations, and cross-functional program management.",https://jobs.ashbyhq.com/Deepgram/8e81f991-64d8-4cf2-883f-3fc8aae22fb7,Ashby,2026-02-03,2026-02-03,1,Week_of_2026-02-02,,
NEW,82,Direct CoS match (exec support at Anzu/JPM); Moderate industry alignment,Rescale,Chief of Staff to CEO,Cloud Computing/HPC,Remote,N/A,Remote,N/A,"Chief of Staff to CEO at Rescale, a cloud-based high performance computing platform for enterprise R&D.",https://jobs.ashbyhq.com/rescale/1598f382-54da-40fe-9946-8bac2fad8514,Ashby,2026-02-09,2026-02-09,1,Week_of_2026-02-09,,
NEW,82,Direct CoS match (exec support at Anzu/JPM); Moderate industry alignment,The Flex,Chief of Staff,Fitness/Wellness,Remote,N/A,Remote,N/A,"CEO's strategic right hand - a trusted partner, operator, and execution engine. Company-building position blending strategy, leadership, and action.",https://jobs.ashbyhq.com/The-Flex/584632ea-c04b-42c3-937f-01fe7cfc7c2b,Ashby,2026-02-09,2026-02-09,1,Week_of_2026-02-09,,
NEW,80,Strategic initiatives align with DoD program leadership and Nationwide IDEO engagement; Education sector tangential to public policy background; Senior-level matches SVP/VP experience,Array Education,Senior Director of Strategic Initiatives,Education,Remote,N/A,Remote,N/A,"Senior Director reporting to CEO, described as a Swiss army knife role. Requires up to 35% travel.",https://boards.greenhouse.io/arrayeducation/jobs/7108573002,Greenhouse,2026-02-09,2026-02-09,1,Week_of_2026-02-09,,
NEW,79,Strategic initiatives align with DoD program leadership and Nationwide IDEO engagement; Strong fintech/finance sector fit (JPM/SVB background); Junior level below current seniority,Crypto.com,"Associate, Treasury & Finance Strategic Initiatives",Crypto/Fintech,Remote/Hybrid,N/A,Remote,N/A,"Strategic initiatives role in Treasury and Finance at major crypto platform. Optimizes global finance initiatives across Financial Control, Procurement, Tax, Treasury, and Operations.",https://jobs.lever.co/crypto/d0548745-e238-47e0-a677-39ea426f7df9,Lever,2026-02-09,2026-02-09,1,Week_of_2026-02-09,,
NEW,79,Strategic initiatives align with DoD program leadership and Nationwide IDEO engagement; Health tech adjacent to insurance/fintech background,Hims & Hers,"Sr. Project Manager, Strategic Initiatives",Health/Wellness,Remote,N/A,Remote,N/A,Senior Project Manager for strategic initiatives at leading health and wellness platform redefining healthcare through customer-first approach.,https://jobs.ashbyhq.com/hims-and-hers/e61dab6e-9ac1-4591-9c31-ad4dba61b610,Ashby,2026-02-09,2026-02-09,1,Week_of_2026-02-09,,
NEW,78,Direct CoS match (exec support at Anzu/JPM); Strong fintech/finance sector fit (JPM/SVB background); Remote-friendly,Summer,Chief of Staff,Fintech,Remote - US,N/A,Remote,N/A,"Chief of Staff at Summer, a fintech company helping borrowers navigate student loan repayment. Supports CEO with strategic planning and company operations.",https://job-boards.greenhouse.io/summer/jobs/7539429003,Greenhouse,2026-02-03,2026-02-03,1,Week_of_2026-02-02,,
NEW,78,Direct CoS match (exec support at Anzu/JPM); Strong fintech/finance sector fit (JPM/SVB background); Remote-friendly,KOHO,Chief of Staff,Fintech,Remote - Canada,N/A,Remote,N/A,"Chief of Staff at KOHO, a Canadian fintech company offering free bank accounts and financial tools. Supports leadership with strategic initiatives, operational excellence, and stakeholder management.",https://jobs.ashbyhq.com/koho/f33f16e6-62fd-4018-91bd-da3aa87a9e67,Ashby,2026-02-03,2026-02-03,1,Week_of_2026-02-02,,
NEW,78,Direct CoS match (exec support at Anzu/JPM); Strong fintech/finance sector fit (JPM/SVB background); Remote-friendly,april,Chief of Staff,Fintech/Tax Tech,Remote,N/A,Remote,N/A,"Chief of Staff at april, a tax technology company. Supports CEO with strategic planning, business operations, and key growth initiatives.",https://jobs.ashbyhq.com/april/49978b94-2322-471e-af6f-2ad842c57e9c,Ashby,2026-02-03,2026-02-03,1,Week_of_2026-02-02,,
NEW,78,Direct CoS match (exec support at Anzu/JPM); Media sector limited alignment with core experience,The Athletic,Chief of Staff,Media/Sports,Remote - US,N/A,Remote,N/A,"Chief of Staff to Executive Editor, responsible for maximizing effectiveness including project management, executive support, and leading special projects.",https://jobs.lever.co/theathletic/51240683-fefc-48d2-bd55-94742e860204,Lever,2026-02-09,2026-02-09,1,Week_of_2026-02-09,,
NEW,76,Direct CoS match (exec support at Anzu/JPM); Strong fintech/finance sector fit (JPM/SVB background),Alt,Chief of Staff,Fintech/Alternative Investments,New York City,N/A,In-Office,"$200,000 - $225,000","Chief of Staff at Alt, an alternative asset investment platform. Supports CEO with strategic planning, investor relations, and business development.",https://job-boards.greenhouse.io/alt/jobs/7595398003,Greenhouse,2026-02-03,2026-02-03,1,Week_of_2026-02-02,,
NEW,76,General strategic alignment with operator background; AI/tech sector aligns with AI automation skills and venture portfolio work; Senior-level matches SVP/VP experience,Modern Health,Head of Business Operations and Strategy,Health Tech,Remote,N/A,Remote,N/A,"Experienced leader contributing to strategic direction of hyper-growth mental health company. Reports to CFO. Requires blend of strategic thinking, data analysis, and operational expertise.",https://boards.greenhouse.io/modernhealth/jobs/7123055002,Greenhouse,2026-02-09,2026-02-09,1,Week_of_2026-02-09,,
NEW,75,Direct CoS match (exec support at Anzu/JPM); Strong fintech/finance sector fit (JPM/SVB background); Remote-friendly,LiveFlow,Chief of Staff,Fintech,Remote,N/A,Remote,N/A,"Chief of Staff at LiveFlow, a financial reporting automation platform. Supports founders with strategic operations, business development, and scaling initiatives.",https://jobs.ashbyhq.com/liveflow/df3eb756-fcb2-4a0a-adff-1556c28b919a,Ashby,2026-02-03,2026-02-03,1,Week_of_2026-02-02,,
NEW,74,Strategic initiatives align with Anzu/DoD program leadership; Insurtech matches Nationwide experience; Remote-friendly,Oscar Health,"Manager, Strategic Initiatives",Insurtech,Remote - US,N/A,Remote,N/A,"Manager of Strategic Initiatives at Oscar Health, an insurtech company. Leads high-priority cross-functional projects, develops strategic frameworks, and supports executive decision-making.",https://boards.greenhouse.io/oscar/jobs/7326073,Greenhouse,2026-02-03,2026-02-03,1,Week_of_2026-02-02,,
NEW,73,BD aligns with Anzu portfolio company partnerships; Strong fintech/finance sector fit (JPM/SVB background); LATAM location aligns with interest,Nubank,Strategy and Business Development Senior Consultant,Fintech,Mexico City - Hybrid,Spanish,Hybrid,N/A,"Strategy and BD role at Nubank Mexico. Develops growth strategies, manages partnerships, and drives business development initiatives in the Mexican fintech market.",https://job-boards.greenhouse.io/nubank/jobs/6744610,Greenhouse,2026-02-03,2026-02-03,1,Week_of_2026-02-02,,
NEW,73,Partnerships role matches Anzu BD/capital formation experience; Strong fintech/finance sector fit (JPM/SVB background); Remote-friendly,dLocal,Commercial Partnerships Manager,Fintech/Payments,Mexico City - Remote,Spanish,Remote,N/A,"Commercial Partnerships Manager at dLocal, a cross-border payments platform. Manages commercial partner relationships and drives partnership revenue across LATAM markets.",https://jobs.lever.co/dlocal/c2ff896c-7749-4d78-a12b-46442aebe122,Lever,2026-02-03,2026-02-03,1,Week_of_2026-02-02,,
NEW,72,Direct CoS match (exec support at Anzu/JPM); Health tech is adjacent to insurance/fintech background; Remote-friendly,Headway,Chief of Staff,Health Tech,Remote - US,N/A,Remote,N/A,"Chief of Staff role at a mental health tech company supporting executive leadership with strategic planning, cross-functional program management, and organizational operations.",https://job-boards.greenhouse.io/headway/jobs/5597480004,Greenhouse,2026-02-03,2026-02-03,1,Week_of_2026-02-02,,
NEW,71,Direct CoS match (exec support at Anzu/JPM); AI/tech sector aligns with AI automation skills,EliseAI,Chief of Staff to the CEO,AI/PropTech,New York City,N/A,In-Office,N/A,"Chief of Staff to the CEO of EliseAI, an AI-powered conversational platform for housing and healthcare. Drives strategic initiatives, executive operations, and cross-functional alignment.",https://job-boards.greenhouse.io/meetelise/jobs/7682894002,Greenhouse,2026-02-03,2026-02-03,1,Week_of_2026-02-02,,
NEW,71,BD aligns with Anzu portfolio company partnerships; Strong fintech/finance sector fit (JPM/SVB background); Remote-friendly,Binance,Business Development - Latin America,Crypto/Fintech,Mexico City - Remote,Spanish,Remote,N/A,"Business Development Manager for Binance's Latin American operations. Develops strategic partnerships, drives institutional adoption, and expands Binance's presence in LATAM crypto markets.",https://jobs.lever.co/binance/fb0bde6f-cde6-420e-b548-642cd5a5e43a,Lever,2026-02-03,2026-02-03,1,Week_of_2026-02-02,,
NEW,71,Strategic initiatives align with Anzu/DoD program leadership; AI/tech sector aligns with AI automation skills; Remote-friendly,Restaurant365,"Director Strategic Initiatives, AI",Restaurant Tech/AI,Remote,N/A,Remote,N/A,"Director of AI Strategic Initiatives at Restaurant365, a restaurant management platform. Leads AI strategy, identifies AI implementation opportunities, and drives cross-functional AI programs.",https://jobs.lever.co/restaurant365/7219f7d3-9551-48fa-ae64-86a0a64f7973,Lever,2026-02-03,2026-02-03,1,Week_of_2026-02-02,,
NEW,71,Director-level aligns with SVP experience; Strong fintech/finance sector fit (JPM/SVB background); Remote-friendly,Tala,"Director, Market Expansion - Mexico",Fintech,Mexico City - Remote,Spanish,Remote,N/A,"Director of Market Expansion for Tala's Mexico operations. Leads strategic growth initiatives, market entry planning, and partnership development for a mobile lending fintech in Mexico.",https://jobs.lever.co/tala/1ffa1487-4f57-4486-9ed5-7722d988ad78,Lever,2026-02-03,2026-02-03,1,Week_of_2026-02-02,,
NEW,71,Direct CoS match (exec support at Anzu/JPM); AI/tech sector aligns with AI automation skills,Twelve Labs,Chief of Staff,AI/Tech,"San Francisco, CA",N/A,In-Office,"$152,000 - $194,000","Chief of Staff at Twelve Labs, a multimodal AI company. Supports CEO with strategic planning, investor relations, partnerships, and high-priority business initiatives.",https://jobs.ashbyhq.com/twelve-labs/e03b4858-af75-4842-8391-e97993c78d91,Ashby,2026-02-03,2026-02-03,1,Week_of_2026-02-02,,
NEW,71,Strategic initiatives align with Anzu/DoD program leadership; Legal tech sector matches JD background; LATAM location aligns with interest,Harvey,"Strategic Business Development Lead, Mexico",Legal Tech/AI,Mexico City,Spanish,Hybrid,N/A,"Strategic Business Development Lead for Harvey AI's Mexico expansion. Leads legal tech business development, builds strategic partnerships with law firms, and drives market entry in Mexico.",https://jobs.ashbyhq.com/harvey/f292e181-fc41-4e9b-b860-2893ea15da41,Ashby,2026-02-03,2026-02-03,1,Week_of_2026-02-02,,
NEW,70,Strategic initiatives align with Anzu/DoD program leadership; Strong fintech/finance sector fit (JPM/SVB background),AlphaSense,"Senior Director of Strategic Initiatives, Global Markets",Fintech/Market Intelligence,"London, UK",N/A,Hybrid,N/A,"Senior Director overseeing international expansion for AlphaSense, a market intelligence platform. Drives unified global execution, defines market-fit strategies, and serves as strategic advisor to senior leadership.",https://job-boards.greenhouse.io/alphasense/jobs/7979410002,Greenhouse,2026-02-03,2026-02-03,1,Week_of_2026-02-02,,
NEW,70,Direct CoS match (exec support at Anzu/JPM); AI/tech sector aligns with AI automation skills; Remote-friendly,Firecrawl,Marketing Chief of Staff,Developer Tools/AI,SF or Remote,N/A,Remote,"$120,000 - $160,000","Marketing Chief of Staff at Firecrawl, a web scraping API company. Leads marketing strategy, operations, and growth initiatives while supporting the founding team.",https://jobs.ashbyhq.com/firecrawl/d747b598-5d14-4aff-96a5-64b1ea60432c,Ashby,2026-02-03,2026-02-03,1,Week_of_2026-02-02,,
NEW,,N/A - imported from Week 1 unscored search,Remote,GTM Strategy Principal,N/A,Remote,N/A,N/A,N/A,N/A,https://boards.greenhouse.io/remotecom/jobs/7609183003,Greenhouse,2026-01-29,2026-01-29,1,Week_of_2026-01-26,,
NEW,,N/A - imported from Week 1 unscored search,Earnest,Executive Assistant to CEO,N/A,Remote U.S.,N/A,N/A,N/A,N/A,https://boards.greenhouse.io/earnest/jobs/7569801,Greenhouse,2026-01-29,2026-01-29,1,Week_of_2026-01-26,,
NEW,,N/A - imported from Week 1 unscored search,Abnormal AI,Director of Transformation,N/A,Remote - USA,N/A,N/A,N/A,N/A,https://boards.greenhouse.io/abnormalsecurity/jobs/7608277003,Greenhouse,2026-01-29,2026-01-29,1,Week_of_2026-01-26,,
NEW,,N/A - imported from Week 1 unscored search,EdReports,Director Project Management,N/A,Remote,N/A,N/A,N/A,N/A,https://boards.greenhouse.io/edreports/jobs/5030289007,Greenhouse,2026-01-29,2026-01-29,1,Week_of_2026-01-26,,
NEW,,N/A - imported from Week 1 unscored search,N/A,No results,N/A,N/A,N/A,N/A,N/A,N/A,N/A,Greenhouse,2026-01-29,2026-01-29,1,Week_of_2026-01-26,,
NEW,,N/A - imported from Week 1 unscored search,Juno,Campus Partnerships - Remote BDR,N/A,Remote,N/A,N/A,N/A,N/A,https://boards.greenhouse.io/juno/jobs/4112349009,Greenhouse,2026-01-29,2026-01-29,1,Week_of_2026-01-26,,
NEW,,N/A - imported from Week 1 unscored search,SI,Strategic Partnerships Account Manager,N/A,Remote,N/A,N/A,N/A,N/A,https://boards.greenhouse.io/si/jobs/7129153,Greenhouse,2026-01-29,2026-01-29,1,Week_of_2026-01-26,,
NEW,,N/A - imported from Week 1 unscored search,Axon,Business Development & Partnerships Lead,N/A,Remote,N/A,N/A,N/A,N/A,https://boards.greenhouse.io/axon/jobs/7586621003,Greenhouse,2026-01-29,2026-01-29,1,Week_of_2026-01-26,,
NEW,,N/A - imported from Week 1 unscored search,Human Interest,Partner Account Manager,N/A,Remote,N/A,N/A,N/A,N/A,https://boards.greenhouse.io/humaninterest/jobs/7572010,Greenhouse,2026-01-29,2026-01-29,1,Week_of_2026-01-26,,
NEW,,N/A - imported from Week 1 unscored search,Defense Unicorns,Business Development Representative,N/A,Remote,N/A,N/A,N/A,N/A,https://boards.greenhouse.io/defenseunicorns/jobs/5036942007,Greenhouse,2026-01-29,2026-01-29,1,Week_of_2026-01-26,,
NEW,,N/A - imported from Week 1 unscored search,Allied Global Marketing,Assistant Video Game Partnerships,N/A,Remote,N/A,N/A,N/A,N/A,https://boards.greenhouse.io/alliedglobalmarketing/jobs/4653724005,Greenhouse,2026-01-29,2026-01-29,1,Week_of_2026-01-26,,
NEW,,N/A - imported from Week 1 unscored search,12twenty,Mid-Market Account Executive,N/A,Remote,N/A,N/A,N/A,N/A,https://boards.greenhouse.io/12twenty/jobs/4615349005,Greenhouse,2026-01-29,2026-01-29,1,Week_of_2026-01-26,,
NEW,,N/A - imported from Week 1 unscored search,Transcarent,Director Mid-Market Sales,N/A,Remote,N/A,N/A,N/A,N/A,https://boards.greenhouse.io/transcarent/jobs/5766714004,Greenhouse,2026-01-29,2026-01-29,1,Week_of_2026-01-26,,
NEW,,N/A - imported from Week 1 unscored search,Brex,Expansion Account Executive Enterprise,N/A,Remote,N/A,N/A,N/A,N/A,https://boards.greenhouse.io/brex/jobs/8393363002,Greenhouse,2026-01-29,2026-01-29,1,Week_of_2026-01-26,,
NEW,,N/A - imported from Week 1 unscored search,PQShield,Software Prototype Intern PQ Cryptography,N/A,Paris Oxford Remote,N/A,N/A,N/A,N/A,https://boards.greenhouse.io/pqshield/jobs/4766811101,Greenhouse,2026-01-29,2026-01-29,1,Week_of_2026-01-26,,
NEW,,N/A - imported from Week 1 unscored search,Bitpanda,Intern Marketing,N/A,Vienna,N/A,N/A,N/A,N/A,https://boards.greenhouse.io/bitpanda/jobs/4767608101,Greenhouse,2026-01-29,2026-01-29,1,Week_of_2026-01-26,,
NEW,,N/A - imported from Week 1 unscored search,HighLevel,Business Strategy & Development Analyst,N/A,United States Remote,N/A,N/A,N/A,N/A,https://jobs.lever.co/gohighlevel/5874a92d-754a-4021-a0f3-784aab4044a1,Lever,2026-01-29,2026-01-29,1,Week_of_2026-01-26,,
NEW,,N/A - imported from Week 1 unscored search,Profound Research,Business Operations Analyst,N/A,Remote,N/A,N/A,N/A,N/A,https://jobs.lever.co/profoundresearch/dfc0497e-a82a-46f5-9cbf-da208f0d6c15,Lever,2026-01-29,2026-01-29,1,Week_of_2026-01-26,,
NEW,,N/A - imported from Week 1 unscored search,Jobgether,Remote Lead Partner Manager,N/A,Remote Philippines,N/A,N/A,N/A,N/A,https://jobs.lever.co/jobgether,Lever,2026-01-29,2026-01-29,1,Week_of_2026-01-26,,
NEW,,N/A - imported from Week 1 unscored search,Jobgether,Partner Relationship Manager,N/A,Remote,N/A,N/A,N/A,N/A,https://jobs.lever.co/jobgether,Lever,2026-01-29,2026-01-29,1,Week_of_2026-01-26,,
NEW,,N/A - imported from Week 1 unscored search,charity: water,General Counsel,N/A,Remote,N/A,N/A,N/A,N/A,https://jobs.lever.co/charitywater,Lever,2026-01-29,2026-01-29,1,Week_of_2026-01-26,,
NEW,,N/A - imported from Week 1 unscored search,Jobgether,Partner & Channel Sales Manager,N/A,Remote US,N/A,N/A,N/A,N/A,https://jobs.lever.co/jobgether,Lever,2026-01-29,2026-01-29,1,Week_of_2026-01-26,,
NEW,,N/A - imported from Week 1 unscored search,Aircall,SDR/BDR Intern Italian Market,N/A,Paris,N/A,N/A,N/A,N/A,https://jobs.lever.co/aircall,Lever,2026-01-29,2026-01-29,1,Week_of_2026-01-26,,
NEW,,N/A - imported from Week 1 unscored search,Aqemia,VP Finances,N/A,Paris,N/A,N/A,N/A,N/A,https://jobs.lever.co/aqemia.com,Lever,2026-01-29,2026-01-29,1,Week_of_2026-01-26,,
NEW,,N/A - imported from Week 1 unscored search,Aircall,GTM Onboarding Program Manager,N/A,Paris/New York,N/A,N/A,N/A,N/A,https://jobs.lever.co/aircall,Lever,2026-01-29,2026-01-29,1,Week_of_2026-01-26,,
NEW,,N/A - imported from Week 1 unscored search,Illumination,Director Social Media,N/A,Paris,N/A,N/A,N/A,N/A,https://jobs.lever.co/illumination,Lever,2026-01-29,2026-01-29,1,Week_of_2026-01-26,,
NEW,,N/A - imported from Week 1 unscored search,Qualysoft,Business System Analyst Banking,N/A,Vienna Austria,N/A,N/A,N/A,N/A,https://jobs.lever.co/qualysoft,Lever,2026-01-29,2026-01-29,1,Week_of_2026-01-26,,
NEW,,N/A - imported from Week 1 unscored search,Spotify,2026 Summer Internship Marketing,N/A,Vienna,N/A,N/A,N/A,N/A,https://jobs.lever.co/spotify-apply,Lever,2026-01-29,2026-01-29,1,Week_of_2026-01-26,,
NEW,,N/A - imported from Week 1 unscored search,Qualysoft,Senior Data Engineer Banking,N/A,Vienna Austria,N/A,N/A,N/A,N/A,https://jobs.lever.co/qualysoft,Lever,2026-01-29,2026-01-29,1,Week_of_2026-01-26,,
NEW,,N/A - imported from Week 1 unscored search,CI&T,Partner Development Manager,N/A,Manila Metro Manila,N/A,N/A,N/A,N/A,https://jobs.lever.co/ciandt,Lever,2026-01-29,2026-01-29,1,Week_of_2026-01-26,,
NEW,,N/A - imported from Week 1 unscored search,CI&T,Mid Software Engineer Java,N/A,Manila Metro Manila,N/A,N/A,N/A,N/A,https://jobs.lever.co/ciandt,Lever,2026-01-29,2026-01-29,1,Week_of_2026-01-26,,
NEW,,N/A - imported from Week 1 unscored search,Binance,Creator Partnerships Manager,N/A,Manila Philippines,N/A,N/A,N/A,N/A,https://jobs.lever.co/binance,Lever,2026-01-29,2026-01-29,1,Week_of_2026-01-26,,
NEW,,N/A - imported from Week 1 unscored search,Farsight AI,Chief of Staff,N/A,Manhattan NYC,N/A,N/A,N/A,N/A,https://jobs.ashbyhq.com/farsight/de601d89-6625-42e7-874f-dec135cc62f3,Ashby,2026-01-29,2026-01-29,1,Week_of_2026-01-26,,
NEW,,N/A - imported from Week 1 unscored search,Bjak,Chief of Staff Office of CEO,N/A,United States,N/A,N/A,N/A,N/A,https://jobs.ashbyhq.com/bjakcareer/7d9fbc4e-be57-4630-abd7-6f8b1f413c2c,Ashby,2026-01-29,2026-01-29,1,Week_of_2026-01-26,,
NEW,,N/A - imported from Week 1 unscored search,Starknet Foundation,Chief of Staff - GTM,N/A,Remote Europe,N/A,N/A,N/A,N/A,https://jobs.ashbyhq.com/starknetfoundation/e1f42d34-b7b3-42f9-aa6c-a173028e031d,Ashby,2026-01-29,2026-01-29,1,Week_of_2026-01-26,,
NEW,,N/A - imported from Week 1 unscored search,Bjak,Chief of Staff - UK,N/A,United Kingdom,N/A,N/A,N/A,N/A,https://jobs.ashbyhq.com/bjakcareer/8e8a48b2-7a9e-40b6-aaad-d778969287c7,Ashby,2026-01-29,2026-01-29,1,Week_of_2026-01-26,,
NEW,,N/A - imported from Week 1 unscored search,cosmos GmbH,Chief Operations Officer,N/A,Remote,N/A,N/A,N/A,N/A,https://jobs.ashbyhq.com/cosmos/9e5f5345-e547-4285-a2ce-9dec3392174c,Ashby,2026-01-29,2026-01-29,1,Week_of_2026-01-26,,
NEW,,N/A - imported from Week 1 unscored search,Centre for Effective Altruism,Program Manager Global Groups,N/A,Remote,N/A,N/A,N/A,N/A,https://jobs.ashbyhq.com/centreforeffectivealtruism/92e11e43-ff5d-49aa-ba79-6b3110fe7fc0,Ashby,2026-01-29,2026-01-29,1,Week_of_2026-01-26,,
NEW,,N/A - imported from Week 1 unscored search,SigNoz,Founders Office,N/A,Remote,N/A,N/A,N/A,N/A,https://jobs.ashbyhq.com/SigNoz/4e0838a5-94fb-4224-b09b-23a2d275d798,Ashby,2026-01-29,2026-01-29,1,Week_of_2026-01-26,,
NEW,,N/A - imported from Week 1 unscored search,Luminovo,French Territory B2B SaaS,N/A,Remote Munich HQ,N/A,N/A,N/A,N/A,https://jobs.ashbyhq.com/Luminovo/5524025a-9e5c-4369-8860-db27d2d7ddea,Ashby,2026-01-29,2026-01-29,1,Week_of_2026-01-26,,
NEW,,N/A - imported from Week 1 unscored search,Substack,Culture Partnerships Manager,N/A,New York Remote Hybrid,N/A,N/A,N/A,N/A,https://jobs.ashbyhq.com/substack/c3eb85dc-072d-4870-9cdd-751c8fa75f3d,Ashby,2026-01-29,2026-01-29,1,Week_of_2026-01-26,,
NEW,,N/A - imported from Week 1 unscored search,Burkland Associates,Partnership Manager,N/A,Remote,N/A,N/A,N/A,N/A,https://jobs.ashbyhq.com/burklandassociates/046ed49c-7d5b-402b-a40d-8069ef5fb387,Ashby,2026-01-29,2026-01-29,1,Week_of_2026-01-26,,
NEW,,N/A - imported from Week 1 unscored search,Whatnot,Partnerships Associate New Grad,N/A,NYC/LA/SF Remote,N/A,N/A,N/A,N/A,https://jobs.ashbyhq.com/whatnot/6d0ac9a1-80fc-48d6-b569-e8583f3bc8d0,Ashby,2026-01-29,2026-01-29,1,Week_of_2026-01-26,,
NEW,,N/A - imported from Week 1 unscored search,Front,Director of Partnerships & Channel,N/A,Remote US,N/A,N/A,N/A,N/A,https://jobs.ashbyhq.com/frontcareers/71d2d9d6-44ac-4ba2-8b01-bb876ea2b1b0,Ashby,2026-01-29,2026-01-29,1,Week_of_2026-01-26,,
NEW,,N/A - imported from Week 1 unscored search,Base,Head of Partnerships,N/A,Remote,N/A,N/A,N/A,N/A,https://jobs.ashbyhq.com/Base/b0b2f833-d82b-4345-92c5-b2302b1caf99,Ashby,2026-01-29,2026-01-29,1,Week_of_2026-01-26,,
NEW,,N/A - imported from Week 1 unscored search,Canals,Partnerships Marketing Manager,N/A,Remote,N/A,N/A,N/A,N/A,https://jobs.ashbyhq.com/canals/0a4288d6-d63e-450e-8549-b8d21b4be24e,Ashby,2026-01-29,2026-01-29,1,Week_of_2026-01-26,,
NEW,,N/A - imported from Week 1 unscored search,SimpleClosure,Product Partnerships,N/A,Remote NYC/LA,N/A,N/A,N/A,N/A,https://jobs.ashbyhq.com/simpleclosure/3d82ba4f-a4db-434c-9218-59c7155d436b,Ashby,2026-01-29,2026-01-29,1,Week_of_2026-01-26,,
NEW,,N/A - imported from Week 1 unscored search,Vanta,Strategic VC Partnerships Manager,N/A,Remote EMEA,N/A,N/A,N/A,N/A,https://jobs.ashbyhq.com/vanta/4e32f84c-84c5-45a6-a8b5-2b3f71235286,Ashby,2026-01-29,2026-01-29,1,Week_of_2026-01-26,,
NEW,,N/A - imported from Week 1 unscored search,Rebuy,BDR Partnerships,N/A,Remote US,N/A,N/A,N/A,N/A,https://jobs.ashbyhq.com/rebuy/773d08da-d7c3-4486-8497-0118c9e43301,Ashby,2026-01-29,2026-01-29,1,Week_of_2026-01-26,,
NEW,,N/A - imported from Week 1 unscored search,SoSafe,International Partner Manager,N/A,Paris France,N/A,N/A,N/A,N/A,https://jobs.ashbyhq.com/sosafe,Ashby,2026-01-29,2026-01-29,1,Week_of_2026-01-26,,
NEW,,N/A - imported from Week 1 unscored search,Resilience Care,Strategic Partnership Manager,N/A,Paris Lyon Bordeaux,N/A,N/A,N/A,N/A,https://jobs.ashbyhq.com/resiliencecare,Ashby,2026-01-29,2026-01-29,1,Week_of_2026-01-26,,
NEW,,N/A - imported from Week 1 unscored search,Ideals,Associate Director Field Sales,N/A,Paris,N/A,N/A,N/A,N/A,https://jobs.ashbyhq.com/ideals,Ashby,2026-01-29,2026-01-29,1,Week_of_2026-01-26,,
NEW,,N/A - imported from Week 1 unscored search,Ledger,Staff Affiliate Partnerships APAC,N/A,Paris HQ,N/A,N/A,N/A,N/A,https://jobs.ashbyhq.com/ledger,Ashby,2026-01-29,2026-01-29,1,Week_of_2026-01-26,,
NEW,,N/A - imported from Week 1 unscored search,Staycation,International Business Developer,N/A,Paris,N/A,N/A,N/A,N/A,https://jobs.ashbyhq.com/Staycation,Ashby,2026-01-29,2026-01-29,1,Week_of_2026-01-26,,
NEW,,N/A - imported from Week 1 unscored search,Capi Money,Launcher,N/A,Paris or London,N/A,N/A,N/A,N/A,https://jobs.ashbyhq.com/capimoney,Ashby,2026-01-29,2026-01-29,1,Week_of_2026-01-26,,
NEW,,N/A - imported from Week 1 unscored search,Scoreplay,Customer Success Manager Southern Europe,N/A,Paris area,N/A,N/A,N/A,N/A,https://jobs.ashbyhq.com/scoreplay,Ashby,2026-01-29,2026-01-29,1,Week_of_2026-01-26,,
NEW,,N/A - imported from Week 1 unscored search,Vizzia,Senior Account Executive Safety UK,N/A,UK Paris HQ,N/A,N/A,N/A,N/A,https://jobs.ashbyhq.com/vizzia,Ashby,2026-01-29,2026-01-29,1,Week_of_2026-01-26,,
